{"epoch": 249, "train_loss": 1651.4447046396683, "_timestamp": 1712443720.8907242, "_runtime": 28.78421711921692, "_step": 249, "_wandb": {"runtime": 28}}